-- phpMyAdmin SQL Dump
-- version 5.2.0
-- https://www.phpmyadmin.net/
--
-- Hôte : 127.0.0.1
-- Généré le : sam. 01 avr. 2023 à 00:20
-- Version du serveur : 10.4.24-MariaDB
-- Version de PHP : 8.1.6

SET SQL_MODE = "NO_AUTO_VALUE_ON_ZERO";
START TRANSACTION;
SET time_zone = "+00:00";


/*!40101 SET @OLD_CHARACTER_SET_CLIENT=@@CHARACTER_SET_CLIENT */;
/*!40101 SET @OLD_CHARACTER_SET_RESULTS=@@CHARACTER_SET_RESULTS */;
/*!40101 SET @OLD_COLLATION_CONNECTION=@@COLLATION_CONNECTION */;
/*!40101 SET NAMES utf8mb4 */;

--
-- Base de données : `absence`
--

-- --------------------------------------------------------

--
-- Structure de la table `classes`
--

CREATE TABLE `classes` (
  `IdClasse` bigint(20) NOT NULL,
  `IDNbrClasse` int(11) NOT NULL,
  `AnneeScol` varchar(255) COLLATE utf8mb4_unicode_ci NOT NULL,
  `libeclassar` varchar(255) COLLATE utf8mb4_unicode_ci NOT NULL,
  `created_at` timestamp NULL DEFAULT NULL,
  `updated_at` timestamp NULL DEFAULT NULL
) ENGINE=InnoDB DEFAULT CHARSET=utf8mb4 COLLATE=utf8mb4_unicode_ci;

--
-- Déchargement des données de la table `classes`
--

INSERT INTO `classes` (`IdClasse`, `IDNbrClasse`, `AnneeScol`, `libeclassar`, `created_at`, `updated_at`) VALUES
(1273, 296, '2022', 'أولى ثانوي 1', NULL, NULL),
(1274, 296, '2022', 'أولى ثانوي 2', NULL, NULL),
(1275, 296, '2022', 'أولى ثانوي 3', NULL, NULL),
(1276, 296, '2022', 'أولى ثانوي 4', NULL, NULL),
(1277, 296, '2022', 'أولى ثانوي 5', NULL, NULL),
(1278, 296, '2022', 'أولى ثانوي 6', NULL, NULL),
(1279, 296, '2022', 'أولى ثانوي 7', NULL, NULL),
(1280, 296, '2022', 'أولى ثانوي 8', NULL, NULL),
(1281, 296, '2022', 'أولى ثانوي 9', NULL, NULL),
(1282, 295, '2022', 'ثانية آداب 1', NULL, NULL),
(1283, 294, '2022', 'ثالثة آداب 1', NULL, NULL),
(1284, 297, '2022', 'رابعة آداب 1', NULL, NULL),
(1285, 297, '2022', 'رابعة آداب 2', NULL, NULL),
(1286, 298, '2022', 'ثانية علوم 1', NULL, NULL),
(1287, 298, '2022', 'ثانية علوم 2', NULL, NULL),
(1288, 298, '2022', 'ثانية علوم 3', NULL, NULL),
(1289, 303, '2022', 'ثالثة علوم تجريبية 1', NULL, NULL),
(1290, 292, '2022', 'رابعة علوم تجريبية 1', NULL, NULL),
(1291, 304, '2022', 'ثالثة علوم تقنية 1', NULL, NULL),
(1292, 305, '2022', 'رابعة علوم تقنية 1', NULL, NULL),
(1293, 293, '2022', 'ثانية تكنولوجيا الإعلامية 1', NULL, NULL),
(1294, 302, '2022', 'ثالثة علوم إعلامية 1', NULL, NULL),
(1295, 306, '2022', 'رابعة علوم إعلامية 1', NULL, NULL),
(1296, 299, '2022', 'ثانية إقتصاد و خدمات 1', NULL, NULL),
(1297, 299, '2022', 'ثانية إقتصاد و خدمات 2', NULL, NULL),
(1298, 299, '2022', 'ثانية إقتصاد و خدمات 3', NULL, NULL),
(1299, 301, '2022', 'ثالثة إقتصاد و تصرف 1', NULL, NULL),
(1300, 301, '2022', 'ثالثة إقتصاد و تصرف 2', NULL, NULL),
(1301, 300, '2022', 'رابعة إقتصاد و تصرف 1', NULL, NULL),
(1302, 300, '2022', 'رابعة إقتصاد و تصرف 2', NULL, NULL);

-- --------------------------------------------------------

--
-- Structure de la table `classe_enseignant`
--

CREATE TABLE `classe_enseignant` (
  `classe_IdClasse` bigint(20) NOT NULL,
  `enseignant_id` bigint(20) UNSIGNED NOT NULL,
  `anneescol` int(11) NOT NULL DEFAULT 2023
) ENGINE=InnoDB DEFAULT CHARSET=utf8mb4 COLLATE=utf8mb4_unicode_ci;

--
-- Déchargement des données de la table `classe_enseignant`
--

INSERT INTO `classe_enseignant` (`classe_IdClasse`, `enseignant_id`, `anneescol`) VALUES
(1275, 42, 2023),
(1277, 42, 2023),
(1292, 42, 2023),
(1295, 42, 2023);

-- --------------------------------------------------------

--
-- Structure de la table `eleves`
--

CREATE TABLE `eleves` (
  `id` bigint(20) UNSIGNED NOT NULL,
  `CIN` varchar(255) COLLATE utf8mb4_unicode_ci DEFAULT NULL,
  `IdentifiantUnique` varchar(255) COLLATE utf8mb4_unicode_ci NOT NULL,
  `NomPrenom` varchar(255) COLLATE utf8mb4_unicode_ci NOT NULL,
  `DateNaissance` date DEFAULT NULL,
  `Adresse` varchar(255) COLLATE utf8mb4_unicode_ci NOT NULL DEFAULT 'El-Hamma',
  `NomPere` varchar(255) COLLATE utf8mb4_unicode_ci NOT NULL,
  `NomMere` varchar(255) COLLATE utf8mb4_unicode_ci NOT NULL,
  `GSMPere` varchar(255) COLLATE utf8mb4_unicode_ci DEFAULT NULL,
  `Classe_id` bigint(20) NOT NULL,
  `created_at` timestamp NULL DEFAULT NULL,
  `updated_at` timestamp NULL DEFAULT NULL
) ENGINE=InnoDB DEFAULT CHARSET=utf8mb4 COLLATE=utf8mb4_unicode_ci;

--
-- Déchargement des données de la table `eleves`
--

INSERT INTO `eleves` (`id`, `CIN`, `IdentifiantUnique`, `NomPrenom`, `DateNaissance`, `Adresse`, `NomPere`, `NomMere`, `GSMPere`, `Classe_id`, `created_at`, `updated_at`) VALUES
(23709, NULL, '009131046702', 'سرور خلفلي', '2007-01-24', 'Elhamma', 'التونسي بن خلف الله بن صالح بن خلف الله خلفلي', 'نجاة بنت المرزوقي بن حمد قوي', '98637935', 1297, NULL, NULL),
(23710, NULL, '009131064381', 'شَيْمَاء عُونْ', '2006-03-26', 'Elhamma', 'الحبيب بن سالم بن الساسي عُونْ', 'سعاد بنت فرج بن مصباح بن فرج زغباني', '55534058', 1287, NULL, NULL),
(23711, NULL, '009862204915', 'وِجْدَانْ شَريبْ', '2001-12-28', 'Elhamma', 'مصطفى بن عبد الله بن عمر شَريبْ', 'عواطف بنت علي بن محمد بلحسن', '', 1290, NULL, NULL),
(23712, NULL, '011078013524', 'فَيْرُوزْ جَمِيعِي', '2000-05-01', 'Elhamma', 'المختار بن العيادي بن بوزيان جَمِيعِي', 'فاطمة بنت المولدي بن علي احبيل', '98987108', 1302, NULL, NULL),
(23713, NULL, '011367011987', 'إِقْبَالْ رزق اللّه', '2001-02-14', 'Elhamma', 'توفيق بن الحبيب بن علي رزق اللّه', 'هاجر بنت الفاتح بن محمد بن خوة', '97936077', 1284, NULL, NULL),
(23714, NULL, '011383006580', 'هَدِيرْ بُوزِيدْ', '2001-03-02', 'Elhamma', 'محمد بن علي بن شلبي بُوزِيدْ', 'الصالحة بنت محمد بن الصادق', '25482115', 1292, NULL, NULL),
(23715, NULL, '011384010936', 'إْشْرَاق الزَوَاوِي', '2001-03-03', 'Elhamma', 'عز الدين بن ابراهيم بن علي الزَوَاوِي', 'المنوبية بنت بلقاسم بن علي معيطي', '50032275', 1285, NULL, NULL),
(23716, NULL, '011387013185', 'رِفَقَةٌ غَنُوشِي', '2001-03-06', 'Elhamma', 'الطاهر بن عبدالله بن علي غَنُوشِي', 'نزيهه بنت الصادق بن علي ودرني', '23687604', 1284, NULL, NULL),
(23717, NULL, '011447029109', 'فِرَاس الدغباجي', '2001-05-05', 'Elhamma', 'عبد الله بن محمد بن ابراهيم الدغباجي', 'المعاوية بنت صالح بن الوحيشي الدغباجي', '23053996', 1292, NULL, NULL),
(23718, NULL, '011486005426', 'سَامِيَة التريكي', '2001-06-13', 'Elhamma', 'عزالدين بن مبارك بن عمار التريكي', 'فتحية بنت خليفة بن عمار التريكي', '98660980', 1295, NULL, NULL),
(23719, NULL, '011489019193', 'وِجْدَانْ سنيني', '2001-06-16', 'Elhamma', 'المهدي بن امحمد بن بلقاسم سنيني', 'وحيدة بنت ضو بن الجماعي خليفي', '21447199', 1295, NULL, NULL),
(23720, NULL, '011515017116', 'يُسْرَى الغَنُّوشِي', '2001-07-12', 'Elhamma', 'عثمان بن محمد بن عثمان بن علي الغَنُّوشِي', 'ناجية بنت سالم بن عثمان بن علي غنوشي', '25842255', 1295, NULL, NULL),
(23721, NULL, '011528002685', 'زهره فطناسي', '2001-07-25', 'Elhamma', 'صالح بن منصور بن محمد فطناسي', 'محبوبة بنت الفيتوري بن محمد مناصري', '23299669', 1284, NULL, NULL),
(23722, NULL, '011542019791', 'إِيهَابْ زَوِينْخِي', '2001-08-08', 'Elhamma', 'أحمد بن محمد بن نصر زوينخي', 'نجاة بنت ابراهيم بن علي نائلي', '95807660', 1285, NULL, NULL),
(23723, NULL, '011551018361', 'إسْلاَمْ رَحَّالِي', '2001-08-17', 'Elhamma', 'علي بن الهادي بن عامر رَحَّالِي', 'ربح بنت سالم بن السائح الصخري', '20468661', 1292, NULL, NULL),
(23724, NULL, '011566007588', 'نورهان لطيفي', '2001-09-01', 'Elhamma', 'جمال بن شرف الدين بن محمد بن أحمد لطيفي', 'ثرية بنت بلقاسم بن صالح بن مفتاح رحالي', '24940999', 1295, NULL, NULL),
(23725, NULL, '011575023336', 'وجدان رحّالي', '2001-09-10', 'Elhamma', 'فتحي بن الهادي بن عامر رحّالي', 'بشره بنت منصور بن المقطوف رحالي', '97903397', 1301, NULL, NULL),
(23726, NULL, '011590002055', 'محمد سيف الحق الملاح', '2001-09-25', 'Elhamma', 'عزالدين بن عبد الله بن محمد بن بلقاسم الملاح', 'كلثوم بنت نورالدين بن محمد بن بلقاسم الملاح', '25682145', 1292, NULL, NULL),
(23727, NULL, '011620019717', 'هَدِيلْ سِنِينِي', '2001-10-25', 'Elhamma', 'علي بن أحمد بن محمد بن مَحمد سِنِينِي', 'زينة بنت محمد بن ضو بن القناوي اسنيني', '26710843', 1292, NULL, NULL),
(23728, NULL, '011631021133', 'أَمَلْ كَبْسِي', '2001-11-05', 'Elhamma', 'كمال بن محمود بن البشير كَبْسِي', 'لطيفة بنت بلقاسم بن علي كبسي', '97857832', 1284, NULL, NULL),
(23729, NULL, '011632019122', 'هاديه زوائدي', '2001-11-06', 'Elhamma', 'محمد بن احمد بن بوركبه بن خير زوائدي', 'عائشه بنت بلقاسم زوائدي', '94196410', 1283, NULL, NULL),
(23730, NULL, '011635016523', 'إيناس زوائدي', '2001-11-09', 'Elhamma', 'الحبيب بن الطيب بن صميدة بن الحاج علي زوائدي', 'مريم بنت إبراهيم بن ضو بن مَحمد زوائدي', '97647079', 1301, NULL, NULL),
(23731, NULL, '011639013832', 'نور فاسي', '2001-11-13', 'Elhamma', 'الصحبي بن البشير بن حسين فاسي', 'الصالحة بنت العربي بن حسين فاسي', '95041608', 1285, NULL, NULL),
(23732, NULL, '011653018107', 'نَـــــوْرَسْ عَمِيــــرِي', '2001-11-27', 'Elhamma', 'فتحي بن بوبكر بن صالح بن بلقاسم عَمِيــــرِي', 'حياة بنت عبدالرحمان بن علي بن عبدالله بالي', '23078804', 1285, NULL, NULL),
(23733, NULL, '011654015284', 'حسنة السحيري', '2001-11-28', 'Elhamma', 'محمد بن احمد بن حافظ السحيري', 'ربيعه بنت محمد بن مفتاح بن خليفه عقربي', '23859479', 1285, NULL, NULL),
(23734, NULL, '011660016453', 'محمّد العويتي', '2001-12-04', 'Elhamma', 'حسين بن المهدي بن عامر بن العويتي العويتي', 'نزيهة بنت بلقاسم بن عامر بن الاعويتي العويتي', '96807080', 1301, NULL, NULL),
(23735, NULL, '011667004190', 'صبرين فطناسي', '2001-12-11', 'Elhamma', 'عادل بن صالح بن عمر بن علي بن حامد فطناسي', 'إلهام بنت محمد بن حامد بن علي حامدي', '94716945', 1302, NULL, NULL),
(23736, NULL, '011690016634', 'فاطمه ثليبي', '2002-01-03', 'Elhamma', 'الحسين بن الهادي ثليبي', 'السيدة بنت الطاهر بن البشير فطناسي', '93377089', 1290, NULL, NULL),
(23737, NULL, '011709012062', 'هَاجِـــرْ الصَّوِيعِي', '2002-01-22', 'Elhamma', 'فتحي بن عمر بن محمد الصَّوِيعِي', 'فتحية بنت مصطفى بن بلقاسم هدّاجي', '96147025', 1285, NULL, NULL),
(23738, NULL, '011711012181', 'منال زوائدي', '2002-01-24', 'Elhamma', 'حسن بن حمد الربيعي بن علي زوائدي', 'فتحية بنت العجمي بن محمد زوائدي', '95397533', 1302, NULL, NULL),
(23739, NULL, '011746010892', 'يُسْرَى زَغْبَانِي', '2002-02-28', 'Elhamma', 'محمد بن المولدي بن حسين زَغْبَانِي', 'رشيدة بنت سعيد بن الحمروني زغباني', '98942710', 1295, NULL, NULL),
(23740, NULL, '011754007029', 'مَرَامْ حَرِيزِي', '2002-03-08', 'Elhamma', 'الطاهر بن محمد بن القناوي حَرِيزِي', 'ليلى بنت ضو بن أحمد حريزي', '98386912', 1302, NULL, NULL),
(23741, NULL, '011769001007', 'إشْرَاقْ عَمِيرِي', '2002-03-23', 'Elhamma', 'فتحي بن سالم بن صالح عَمِيرِي', 'زكية بنت محمود بن صالح سعد الله', '96807355', 1300, NULL, NULL),
(23742, NULL, '011776021379', 'إِخْلاَصْ عَقِرْبِي', '2002-03-30', 'Elhamma', 'عبد العزيز بن خليفه بن حامد عَقِرْبِي', 'زهره بنت بلقاسم فرحات', '27577651', 1285, NULL, NULL),
(23743, NULL, '011787009661', 'سالمه السبعي', '2002-04-10', 'Elhamma', 'البشير بن رمضان بن حفيظ السبعي', 'هنيه بنت محمود بن مسعود سبعي', '99692647', 1302, NULL, NULL),
(23744, NULL, '011800010893', 'إبتهال فائدي', '2002-04-23', 'Elhamma', 'عبدالحفيظ بن الجريدي بن حسن بن سعيد فائدي', 'بسمة بنت محمد بن بلقاسم عقربي', '95474296', 1285, NULL, NULL),
(23745, NULL, '011807019044', 'يُسْرَى بشْ', '2002-04-30', 'Elhamma', 'محمد بن المولدي بن حسين بشْ', 'منيرة بنت حسن بش', '26540990', 1283, NULL, NULL),
(23746, NULL, '011823022226', 'سُرُورْ مسَاعْدِي', '2002-05-16', 'Elhamma', 'سعيد بن عمار بن حسن مسَاعْدِي', 'الخيرية بنت محمد بن علي نائلي', '23395653', 1285, NULL, NULL),
(23747, NULL, '011829033802', 'زهَرَة حَامْدِي', '2002-05-25', 'Elhamma', 'فتحي بن خميس بن عمر حَامْدِي', 'مديحة بنت حسن بن محمد بوشلاكة', '97903679', 1284, NULL, NULL),
(23748, NULL, '011831029978', 'إِنْتِصَارْ سبَايْطِي', '2002-05-24', 'Elhamma', 'محمد الصالح بن المبروك بن مسعود سبَايْطِي', 'جميله بنت حسن بن مسعود سبايطي', '27961026', 1283, NULL, NULL),
(23749, NULL, '011847010730', 'عَبْد الحَقْ رَحِيمِي', '2002-06-09', 'Elhamma', 'مفتاح بن الساسي بن خليفة رَحِيمِي', 'فتحية بنت بلقاسم بن علي ضوي', '24243777', 1292, NULL, NULL),
(23750, NULL, '011850015508', 'نَادَرِيــــنْ غِيلوفِي', '2002-06-12', 'Elhamma', 'علــــــي بن احمد بن محمد غِيلوفِي', 'راضـــيه بنت محمد بن بلقاسم بنفرج', '42315533', 1284, NULL, NULL),
(23751, NULL, '011856010007', 'إِعْتِدَالْ عُونْ', '2002-06-18', 'Elhamma', 'الحبيب بن سالم بن الساسي عُونْ', 'سعاد بنت فرج مصباح فرج زغباني', '55534058', 1285, NULL, NULL),
(23752, NULL, '011875030390', 'كَمَالْ عَدُونِي', '2002-07-07', 'Elhamma', 'الطيب بن عبد الله بن المبروك عَدُونِي', 'رمضانة بنت المبروك بن حمد دباغي', '97469475', 1301, NULL, NULL),
(23753, NULL, '011887008476', 'رِحَابْ نَائِلِي', '2002-07-19', 'Elhamma', 'البشير بن مصباح بن ضو نَائِلِي', 'أمينة بنت الصغير بن امحمد نائلي', '22299746', 1292, NULL, NULL),
(23754, NULL, '011895024114', 'مُحَمَّدْ أَمِينْ عَدْوَنِي', '2002-07-27', 'Elhamma', 'مصطفى بن العيادي بن مصطفى عَدْوَنِي', 'سعاد بنت مصباح بن حسن زوائدي', '53154098', 1291, NULL, NULL),
(23755, NULL, '011905031682', 'أريج بوزيد', '2002-08-06', 'Elhamma', 'محمد بن علي بن محمد بوزيد', 'حليمه بنت الصغير بن علي بوزيد', '56134892', 1284, NULL, NULL),
(23756, NULL, '011909029092', 'وِجْدَانْ زَغْبَانِي', '2002-08-10', 'Elhamma', 'الكيلاني بن محمد بن زائد زَغْبَانِي', 'جميله بنت عبد الرحمان بوهالي', '98962301', 1284, NULL, NULL),
(23757, NULL, '011910019607', 'يَزَنْ هَدَّاجِي', '2002-08-11', 'Elhamma', 'كمال بن حسين بن بلقاسم هَدَّاجِي', 'عواطف بنت الامام بن عمار مقدمي', '27190318', 1295, NULL, NULL),
(23758, NULL, '011912019221', 'أسماء إبراهيمي', '2002-08-13', 'Elhamma', 'ضو بن احمد بن عياد إبراهيمي', 'مبروكة بنت المبروك بن احمد إبراهيمي', '96254221', 1284, NULL, NULL),
(23759, NULL, '011912023362', 'إيمان عيّاد', '2002-08-13', 'Elhamma', 'علي بن المقطوف بن سالم بن عياد عياد', 'الخامسة بنت مصباح بن حسين بوزيد', '27835304', 1284, NULL, NULL),
(23760, NULL, '011925012268', 'لُؤَيْ الجَمَاعِي', '2002-08-26', 'Elhamma', 'عماد بن بلقاسم بن علي بن الحاج نصر الجَمَاعِي', 'نجاة بنت المبروك بن عمار بن سعد رحالي', '99804194', 1295, NULL, NULL),
(23761, NULL, '011930026966', 'رُؤَى عَامْــــرِي', '2002-08-31', 'Elhamma', 'محمود بن خليفه عَامْــــرِي', 'عائشه بنت عامر بن الحبيب غيلوفي', '56121483', 1294, NULL, NULL),
(23762, NULL, '011931008383', 'سناء مسَاعْدي', '2002-09-01', 'Elhamma', 'علي بن الفيتوري  بن علي مسَاعْدي', 'سبيكه بنت احمد بن ابراهيم مساعدي', '20674778', 1296, NULL, NULL),
(23763, NULL, '011999029130', 'تَوْبَة رَحَالِي', '2002-11-08', 'Elhamma', 'صالح بن بلقاسم بن صالح بن مفتاح بن محفوظ رَحَالِي', 'مبروكة بنت محمد بن خليفة بن مفتاح بن محفوظ رحالي', '22350924', 1295, NULL, NULL),
(23764, NULL, '012001010354', 'رِمَاحْ زوَايدِي', '2002-11-10', 'Elhamma', 'المهدي بن العيد بن محمد بن علي الأسود زوَايدِي', 'زهو بنت عمار بن محمد بن علي لسود زوائدي', '54121251', 1292, NULL, NULL),
(23765, NULL, '012005024134', 'سماح البكوش', '2002-11-14', 'Elhamma', 'الفتحي بن محمد بن سعيد بن محمد البكوش', 'مباركة بنت علي بن صالح بن مبارك دغسني', '52608782', 1299, NULL, NULL),
(23766, NULL, '012024011478', 'فَاطْمَهْ سَعِيدِي', '2002-12-03', 'Elhamma', 'الكلاني بن الطاهر بن الحاج عامر سَعِيدِي', 'نجاة بنت حسن بن عمار مساعدي', '52242948', 1302, NULL, NULL),
(23767, NULL, '012039024856', 'آَمَــــــالْ عَدُونِــــي', '2002-12-18', 'Elhamma', 'الحسين بن أحمد بن علي عَدُونِــــي', 'لطيفة بنت أحمد بن محمد زوائدي', '94824816', 1301, NULL, NULL),
(23768, NULL, '012041017703', 'شَــــــاكرْ غَنّــــــوشي', '2002-12-20', 'Elhamma', 'كمال بن الهادي بن حسين غَنّــــــوشي', 'نوره بنت بلقاسم بن محمد طاهري', '95163817', 1299, NULL, NULL),
(23769, NULL, '012065011459', 'فَاطْمَهْ عُثْمَانِي', '2003-01-23', 'Elhamma', 'محمد علي بن علي بن عمار عُثْمَانِي', 'زينب بنت المولدي بن عمر الزريبي', '58822271', 1302, NULL, NULL),
(23770, NULL, '012068008052', 'أَشْرَفْ عدوَنِي', '2003-01-16', 'Elhamma', 'مصباح بن الهادي بن علي بن مصباح بن الحاج محمد عدوَنِي', 'سالمة بنت محمد بن بوبكر بن غرس الله خبوشي', '93181069', 1279, NULL, NULL),
(23771, NULL, '012072013445', 'ياسمين مرزوقي', '2003-01-20', 'Elhamma', 'صالح بن محمد بن صالح بن المرزوقي', 'دبليه بنت العكرمي بن مَحمد فوشه', '24569077', 1285, NULL, NULL),
(23772, NULL, '012074018719', 'رَنِيمْ بِنْعَبْدُ المَوْلَى', '2003-01-22', 'Elhamma', 'عادل بن عمر بن علي بن عامر بنعبدالمولى', 'الصحبيه بنت الجيلاني بن بلقاسم بلعزي', '98659733', 1302, NULL, NULL),
(23773, NULL, '012080006750', 'هُوَيْدَة غَرِيبِي', '2003-01-28', 'Elhamma', 'خليفة بن رمضان بن خليفة غَرِيبِي', 'خضراء بنت المقطوف بن نصر بن عمار عقربي', '24875589', 1302, NULL, NULL),
(23774, NULL, '012081024139', 'أَيْمَـــــنْ شَائِبِــــــــي', '2003-01-29', 'Elhamma', 'الهادي بن صالح بن الصادق بن صالح شَائِبِــــــــي', 'مدنيه بنت عمار بن عبدالله بن عبدالرحمان زراتي', '25878185', 1285, NULL, NULL),
(23775, NULL, '012090016645', 'ذِكْرَى سَعْفِي', '2003-02-07', 'Elhamma', 'الفتحي بن بلقاسم بن سعيد سَعْفِي', 'كنزة بنت الصغير بن صوله بن بوبكر مساعدي', '96271255', 1285, NULL, NULL),
(23776, NULL, '012103017776', 'آيَـــــــهْ حرِيــــــــــزِي', '2003-02-20', 'Elhamma', 'رضا نورالدين بن الكيلاني بن ساسي حرِيــــــــــزِي', 'زهرة بنت العيادي بن علي عقوبي', '25935982', 1302, NULL, NULL),
(23777, NULL, '012111025330', 'إِسْلاَمْ سَعُودِي', '2003-02-28', 'Elhamma', 'علي بن علي بن الحاج عمار سَعُودِي', 'خديجه بنت مصطفى بن بالسعود سعودي', '93023122', 1301, NULL, NULL),
(23778, NULL, '012123010284', 'نُورْهَــــانْ سَعُـــــــودِي', '2003-03-22', 'Elhamma', 'نصر بن بوبكر بن علي سَعُـــــــودِي', 'هاديه بنت مصطفى بن ابي السعود سعودي', '55224015', 1290, NULL, NULL),
(23779, NULL, '012125021420', 'رَيَّـــــانُ بُوزَيــــانُ', '2003-03-14', 'Elhamma', 'البشير بن الصادق بن الحاج يونس بُوزَيــــانُ', 'بشره بنت مَحمد بن محمد ثابتي', '55448037', 1302, NULL, NULL),
(23780, NULL, '012132025325', 'زِينَـــــهْ عُــــــــــونْ', '2003-03-21', 'Elhamma', 'الشتيوي بن احمد بن علي الشتيوي عُــــــــــونْ', 'مبروكه بنت حسن بن محمد دغباجي', '50949099', 1301, NULL, NULL),
(23781, NULL, '012170028511', 'يُــــــوسِفْ بالشِتَّــــاوِي', '2003-04-28', 'Elhamma', 'الفتحي بن محمد بن عامر بالشِتَّــــاوِي', 'مليكه بنت مفتاح بن عمار عثماني', '25642230', 1298, NULL, NULL),
(23782, NULL, '012173036420', 'وِصَــــالْ زَغْبَانِـــــي', '2003-05-01', 'Elhamma', 'مصطفى بن محمد بن علي بن صالح زَغْبَانِـــــي', 'فاطمه بنت احمد بن الشافعي بن عبدالله سحيري', '98601052', 1284, NULL, NULL),
(23783, NULL, '012178023331', 'شَهْد ثَلِيبِي', '2003-05-06', 'Elhamma', 'سمير بن الهادي بن احمد ثَلِيبِي', 'سالمة بنت محمد المولدي بن الطاهر شائبي', '25552494', 1302, NULL, NULL),
(23784, NULL, '012180015568', 'لَمْيَـــــاء الأغريبـــــي', '2003-05-08', 'Elhamma', 'علي بن حافظ بن عمار بن الغريبي الأغريبـــــي', 'زهره بنت خليفه بن علي بن خليفه عملوق', '55621502', 1284, NULL, NULL),
(23785, NULL, '012186036541', 'مُحَمَّـد عبدالرحمان المؤدب', '2003-05-14', 'Elhamma', 'عمار بن حسن بن الصادق المؤدب', 'تركيه بنت عبدالرحمان بن البشير زمزمي', '53506021', 1292, NULL, NULL),
(23786, NULL, '012188013927', 'رَحْمَـــــــــه حَفِـيظِــــــــي', '2003-05-16', 'Elhamma', 'كمال بن محمد بن الصويعي بن علي حَفِـيظِــــــــي', 'نجاة بنت حمد بن عمر بن حمد حفيظي', '98518183', 1301, NULL, NULL),
(23787, NULL, '012195016822', 'أَيُّـــــــوبْ المِنْيَـــــاوي', '2003-05-23', 'Elhamma', 'محمود بن وناس بن احمد المِنْيَـــــاوي', 'سعاد بنت بلقاسم بن صالح المنياوي', '50320462', 1301, NULL, NULL),
(23788, NULL, '012198026246', 'محمد لطيفي', '2003-05-26', 'Elhamma', 'عبدالمجيد بن محمد بن رحومه لطيفي', 'فاطمة بنت محمد عقوبي عقوبي', '25667233', 1291, NULL, NULL),
(23789, NULL, '012207009759', 'رَانِيَــــــهْ بنعيــــاد', '2003-06-04', 'Elhamma', 'عمار بن الطاهر بن عمار بنعيــــاد', 'ابتسام بنت الجيلاني بن الكيلاني نوائله', '92817565', 1302, NULL, NULL),
(23790, NULL, '012208017549', 'فراس شرياق', '2003-06-05', 'Elhamma', 'الأسعد بن علي بن حسن شرياق', 'نبيهة بنت الهادي بن عمار مباركي', '98987024', 1292, NULL, NULL),
(23791, NULL, '012209020790', 'محمّد أمـيـن سالمي', '2003-06-06', 'Elhamma', 'كمال بن علي بن محمد بن سالم بن عمران سالمي', 'حميدة بنت البشير بن الصّادق سـالــمـي', '28691809', 1292, NULL, NULL),
(23792, NULL, '012212018191', 'مَهَــــــا عَدُونِـــــي', '2003-06-09', 'Elhamma', 'صالح بن علي بن حسن عَدُونِـــــي', 'بريكه بنت ظاهر بن علي عدوني', '26729440', 1301, NULL, NULL),
(23793, NULL, '012212036682', 'وَسِيـــــــمْ عَدُونِـــــي', '2003-06-09', 'Elhamma', 'محمد بن بوبكر بن ضو عَدُونِـــــي', 'ابتسام بنت سعيد بن احمد ميلاد', '22243725', 1285, NULL, NULL),
(23794, NULL, '012222011215', 'سكينة نهيدي', '2003-06-19', 'Elhamma', 'محمد المولدي بن عبدالله بن البشير نهيدي', 'منيرة بنت التهامي نهيدي', '56940388', 1302, NULL, NULL),
(23795, NULL, '012222025359', 'مـَنَالْ سَعُودِي', '2003-06-19', 'Elhamma', 'يوسف بن سعيد بن ابي السعود بن عثمان سَعُودِي', 'زكيـــة بنت ابو السعود بن حسن بن خليفه سعودي', '96691002', 1290, NULL, NULL),
(23796, NULL, '012225007202', 'ردينـــــه عدونـــــي', '2003-06-22', 'Elhamma', 'علي بن محمد بن علي بن المختار عدونـــــي', 'فتحيه بنت حسن بن صالح بن محمد زوائدي', '26684541', 1274, NULL, NULL),
(23797, NULL, '012226030348', 'مُحَمَّد عَزِيز البُوغَانمِي', '2003-06-23', 'Elhamma', 'عائد بن محمد بن سعيد البُوغَانمِي', 'آمال بنت نورالدين بن علي مرابطي', '', 1295, NULL, NULL),
(23798, NULL, '012227040562', 'عفاف عدوني', '2003-06-24', 'Elhamma', 'الطاهر بن عبدالله بن المبروك بن حمد عدوني', 'الصالحه بنت الاخضر بن صالح بن احمد فرحاتي', '96378178', 1298, NULL, NULL),
(23799, NULL, '012229000568', 'وَفَاءْ عَمَارِي', '2003-06-26', 'Elhamma', 'محسن بن محمد بن الحمروني عَمَارِي', 'آمال بنت شرف الدين بن الساسي دعاس', '58149042', 1300, NULL, NULL),
(23800, NULL, '012233021422', 'شَـــــــذى قـــوي', '2003-06-30', 'Elhamma', 'محمّد علي بن حمد بن عمّـــار قـــوي', 'الصّـالحة بنت سعيد بن إبراهيم فرحاتي', '56206352', 1290, NULL, NULL),
(23801, NULL, '012236015688', 'صابر لسود', '2003-07-03', 'Elhamma', 'حسين بن الهادي بن علي الاسود', 'نزيهه بنت سعيد بن العقربي عقربي', '24969544', 1301, NULL, NULL),
(23802, NULL, '012241023821', 'وئـــام عقربـــــي', '2003-07-08', 'Elhamma', 'محســن بن القناوي بن علي - عقربـــــي', 'هــنيه بنت التهامي بن الصادق - عقربــــي', '98825243', 1284, NULL, NULL),
(23803, NULL, '012244039309', 'أسمــــاء ارتيــمي', '2003-07-11', 'Elhamma', 'النــاعس بن احمــد بن الناعس ارتيــمي', 'زهرة بنت الخضّار بن احمد الخضّار', '97212468', 1292, NULL, NULL),
(23804, NULL, '012255037792', 'نـور الهـــدى بركـــه', '2003-07-22', 'Elhamma', 'محمـد بن بلقــاسم بن عمر - بركـــه', 'مبروكــه بنت خليفه بن محمد - زوائدي', '28236076', 1284, NULL, NULL),
(23805, NULL, '012260011266', 'إنتصار هدّاجي', '2003-07-27', 'Elhamma', 'الفتحي بن الطاهر بن المبروك هدّاجي', 'نزيهة بنت محمد بن صالح غراف', '28514964', 1280, NULL, NULL),
(23806, NULL, '012265042132', 'بَشَّـار سنُـوسِي', '2003-08-01', 'Elhamma', 'بلقاسم بن عمر بن احمد سنوسي', 'سميرة بنت أبي الحسن القصيبـي', '96806843', 1285, NULL, NULL),
(23807, NULL, '012279036707', 'مَجْدِي زَمْزَمِي', '2003-08-15', 'Elhamma', 'محمدعلي بن عمر بن عبدالله زَمْزَمِي', 'مبروكة بنت أبي الحسن بن بوبكر ناجي', '98233630', 1295, NULL, NULL),
(23808, NULL, '012280001653', 'بشره هــدّاجــــي', '2003-08-16', 'Elhamma', 'الطاهــر بن بلقاسم بن مبارك هــدّاجــــي', 'الصالحـه بنت الطاهر بن مصباح بوزيان هداجي', '52297560', 1299, NULL, NULL),
(23809, NULL, '012284015635', 'يُسْـرَى غـرِيبِـي', '2003-08-20', 'Elhamma', 'محمد بن رمضان بن خليفه غريبـي', 'محبوبه بنت بلقاسم بن المبروك عقربـي', '20918334', 1297, NULL, NULL),
(23810, NULL, '012298010917', 'فاطمه فطناسي', '2003-09-03', 'Elhamma', 'أحمــــد بن التهامي بن محمد فطناسي', 'رشيدة بنت محمود بن صالح فطناسي', '95668041', 1302, NULL, NULL),
(23811, NULL, '012298012129', 'محمد بالي', '2003-09-03', 'Elhamma', 'نورالدين بن محمد بن امحمد بالي', 'منا بنت خميس بن عثمان غنوشي', '50056337', 1292, NULL, NULL),
(23812, NULL, '012315006226', 'إسْراءْ بنعبد المولــى', '2003-09-20', 'Elhamma', 'حســن بن عمر بن علي - بنعبد المولــى', 'عائشه بنت عثمان بن الصغير عباس', '25964986', 1296, NULL, NULL),
(23813, NULL, '012320019813', 'هبة العامري', '2003-09-25', 'Elhamma', 'البشير بن بلقاسم بن إبراهيم العامري', 'وسيلة بنت عبدالعزيز بن الحاج عمار زمزمي', '23567964', 1285, NULL, NULL),
(23814, NULL, '012328012007', 'ياسمين حافظي', '2003-10-03', 'Elhamma', 'الحبيب بن مسعودي بن عبدالله حافظي', 'مبروكه بنت منصور بن علي بن القناوي سنيني', '53510216', 1292, NULL, NULL),
(23815, NULL, '012337010371', 'فردوس صميطي', '2003-10-12', 'Elhamma', 'محمد بن الفرجاني بن مبارك صميطي', 'خيرية بنت مصباح بن ضو سميطي', '97723501', 1290, NULL, NULL),
(23816, NULL, '012348023612', 'لـــؤي عـــوض', '2003-10-23', 'Elhamma', 'الطيب بن محمد العيادي بن عمر عـــوض', 'الظريفه بنت الهادي عقربي', '93009523', 1301, NULL, NULL),
(23817, NULL, '012350020495', 'عادل ونيسي', '2003-10-25', 'Elhamma', 'الطاهر بن العيادي بن النهيدي ونيسي', 'الصالحة بنت صميدة بن رحومه لطيفي', '93628510', 1301, NULL, NULL),
(23818, NULL, '012352010110', 'سيف الدين عدوني', '2003-10-27', 'Elhamma', 'محمد بن الربعي بن العكرمي عدوني', 'هنية بنت العساوي بن عمر مرقبي', '20232664', 1298, NULL, NULL),
(23819, NULL, '012358008346', 'شَهِيرة غَالِي', '2003-11-02', 'Elhamma', 'عبد الله بن الغالي بن سالم بن محمد غَالِي', 'مباركة بنت محمد بن عمار نائلي', '93095010', 1278, NULL, NULL);

-- --------------------------------------------------------

--
-- Structure de la table `enseignants`
--

CREATE TABLE `enseignants` (
  `id` bigint(20) UNSIGNED NOT NULL,
  `CodeEnseignant` varchar(255) COLLATE utf8mb4_unicode_ci NOT NULL,
  `NomEnseignant` varchar(255) COLLATE utf8mb4_unicode_ci NOT NULL,
  `Matiere_id` bigint(20) UNSIGNED NOT NULL,
  `Grade` int(11) NOT NULL DEFAULT 0,
  `Type` int(11) NOT NULL DEFAULT 0,
  `User_id` bigint(20) UNSIGNED NOT NULL,
  `created_at` timestamp NULL DEFAULT NULL,
  `updated_at` timestamp NULL DEFAULT NULL
) ENGINE=InnoDB DEFAULT CHARSET=utf8mb4 COLLATE=utf8mb4_unicode_ci;

--
-- Déchargement des données de la table `enseignants`
--

INSERT INTO `enseignants` (`id`, `CodeEnseignant`, `NomEnseignant`, `Matiere_id`, `Grade`, `Type`, `User_id`, `created_at`, `updated_at`) VALUES
(1, '0024193416', 'مبروكة رمضاني', 56, 0, 0, 2, NULL, NULL),
(2, '0024194022', 'بوبكر بوسنينة', 56, 0, 0, 2, NULL, NULL),
(3, '0024345885', 'ضو دغسني', 47, 0, 0, 2, NULL, NULL),
(4, '0052685649', 'خليفة البدوي', 7, 0, 0, 2, NULL, NULL),
(5, '0054838948', 'عماد بن رمضان', 28, 0, 0, 2, NULL, NULL),
(6, '0057238686', 'الحسين موسى', 21, 0, 0, 2, NULL, NULL),
(7, '0059183942', 'الطاهر حامدي', 27, 0, 0, 2, NULL, NULL),
(8, '0059731889', 'يانس حرب', 56, 0, 0, 2, NULL, NULL),
(9, '0065043752', 'محسن شعيب', 15, 0, 0, 2, NULL, NULL),
(10, '0065493083', 'روضة عيساوي', 42, 0, 0, 2, NULL, NULL),
(11, '0069784527', 'محمد علي الكاسح', 27, 0, 0, 2, NULL, NULL),
(12, '0071734025', 'محمد الطاهر عملوق', 27, 0, 0, 2, NULL, NULL),
(13, '0071738772', 'هشام عدوني', 27, 0, 0, 2, NULL, NULL),
(14, '0072133139', 'المبروك صدوقة', 32, 0, 0, 2, NULL, NULL),
(15, '0073384944', 'بسمة بنفرج', 7, 0, 0, 2, NULL, NULL),
(16, '0073397674', 'مهدي سعيدي', 19, 0, 0, 2, NULL, NULL),
(17, '0073417276', 'خديجة عثماني', 7, 0, 0, 2, NULL, NULL),
(18, '0075757303', 'طارق بنفرج', 30, 0, 0, 2, NULL, NULL),
(19, '0075832980', 'عبد العزيز جمني', 19, 0, 0, 2, NULL, NULL),
(20, '0075919674', 'وريدة العربي', 18, 0, 0, 2, NULL, NULL),
(21, '0076307169', 'محمد عيساوي', 7, 0, 0, 2, NULL, NULL),
(22, '0076460854', 'بلقاسم بوعمران', 26, 0, 0, 2, NULL, NULL),
(23, '0076543609', 'منية بنمنصور', 44, 0, 0, 2, NULL, NULL),
(24, '0077097620', 'الأسعد النجار', 7, 0, 0, 2, NULL, NULL),
(25, '0078125618', 'بوجمعة بن علي', 28, 0, 0, 2, NULL, NULL),
(26, '0078144917', 'بولبابة زمزمي', 32, 0, 0, 2, NULL, NULL),
(27, '0078149462', 'نادية سميطي', 25, 0, 0, 2, NULL, NULL),
(28, '0078150977', 'عادل الشربطي', 30, 0, 0, 2, NULL, NULL),
(29, '0078545445', 'علي حريزي', 56, 0, 0, 2, NULL, NULL),
(30, '0078655377', 'سهام بش', 18, 0, 0, 2, NULL, NULL),
(31, '0079177157', 'كوثر حمدي', 56, 0, 0, 2, NULL, NULL),
(32, '0079295779', 'عواطف عملوق', 47, 0, 0, 2, NULL, NULL),
(33, '0079554851', 'قمرة السبعي', 47, 0, 0, 2, NULL, NULL),
(34, '0080454527', 'كريمة دغسني', 15, 0, 0, 2, NULL, NULL),
(35, '0080457860', 'الطاهر غومة', 21, 0, 0, 2, NULL, NULL),
(36, '0080573654', 'شكري خلفلي', 32, 0, 0, 2, NULL, NULL),
(37, '0080808676', 'حسين ثابتي', 56, 0, 0, 2, NULL, NULL),
(38, '0080817164', 'عبد العزيز نائلي', 27, 0, 0, 2, NULL, NULL),
(39, '0080858287', 'فرج عنيد', 56, 0, 0, 2, NULL, NULL),
(40, '0080967920', 'عبد الحكيم علوي', 7, 0, 0, 2, NULL, NULL),
(41, '0081668441', 'سعاد عدوني', 42, 0, 0, 2, NULL, NULL),
(42, '0082592971', 'نوفل شرف الدين', 42, 0, 0, 3, NULL, NULL),
(43, '0082736956', 'حليمة بوسنينة', 21, 0, 0, 2, NULL, NULL),
(44, '0085092238', 'مبروك غومة', 27, 0, 0, 2, NULL, NULL),
(45, '0085120732', 'لطيفة بورقعة', 30, 0, 0, 2, NULL, NULL),
(46, '0085522674', 'إيمان الزادم', 47, 0, 0, 2, NULL, NULL),
(47, '0086566941', 'المهدي شرياق', 7, 0, 0, 2, NULL, NULL),
(48, '0092369763', 'وليد غريبي', 42, 0, 0, 2, NULL, NULL),
(49, '0092443424', 'خالد سلطاني', 56, 0, 0, 2, NULL, NULL),
(50, '0095167508', 'بلقاسم ضوي', 56, 0, 0, 2, NULL, NULL),
(51, '0095172760', 'أحلام ثابتي', 42, 0, 0, 2, NULL, NULL),
(52, '0095173063', 'خديجة غيلوفي', 42, 0, 0, 2, NULL, NULL),
(53, '0095175891', 'فتحية الجميعي', 19, 0, 0, 2, NULL, NULL),
(54, '0095605927', 'نادية حفيظي', 56, 0, 0, 2, NULL, NULL),
(55, '0097820254', 'إيمان بن محمد', 18, 0, 0, 2, NULL, NULL),
(56, '0097850061', 'منية المنيف', 15, 0, 0, 2, NULL, NULL),
(57, '0097853802', 'أحمد زريبي', 56, 0, 0, 2, NULL, NULL),
(58, '0097856832', 'منصف قلوي', 21, 0, 0, 2, NULL, NULL),
(59, '0097858852', 'ألفة السويسي', 56, 0, 0, 2, NULL, NULL),
(60, '0101799577', 'محمد علي تباسي', 56, 0, 0, 2, NULL, NULL),
(61, '0102076029', 'لمجد سبائطي', 56, 0, 0, 2, NULL, NULL),
(62, '0102094520', 'سامي ثليبي', 33, 0, 0, 2, NULL, NULL),
(63, '0102920838', 'وداد بنمسعود', 56, 0, 0, 2, NULL, NULL),
(64, '2012081811', 'نسرين بن عمر', 56, 0, 0, 2, NULL, NULL),
(65, '2021553960', 'محمد الهادي بالي', 47, 0, 0, 2, NULL, NULL),
(66, '2235739963', 'صابر رجب', 56, 0, 0, 2, NULL, NULL),
(67, '2288598701', 'سهام بن عبد المولى', 34, 0, 0, 2, NULL, NULL),
(68, '2289244355', 'كمال حفيظي', 32, 0, 0, 2, NULL, NULL),
(69, '2354253452', 'نورة المسعودي', 25, 0, 0, 2, NULL, NULL),
(70, '2368005830', 'أريج عزيز', 56, 0, 0, 2, NULL, NULL),
(71, '2368009163', 'أنور بوخريص', 34, 0, 0, 2, NULL, NULL),
(72, '2368057562', 'حسام شحيدر', 28, 0, 0, 2, NULL, NULL),
(73, '2419822725', 'وداد حمودة', 33, 0, 0, 2, NULL, NULL),
(74, '2528956213', 'فاطمة فريخة', 28, 0, 0, 2, NULL, NULL),
(75, '2553682162', 'هدى خريجي', 56, 0, 0, 2, NULL, NULL),
(76, '2609661223', 'أحلام ليزا غديرة', 56, 0, 0, 2, NULL, NULL);

-- --------------------------------------------------------

--
-- Structure de la table `failed_jobs`
--

CREATE TABLE `failed_jobs` (
  `id` bigint(20) UNSIGNED NOT NULL,
  `uuid` varchar(255) COLLATE utf8mb4_unicode_ci NOT NULL,
  `connection` text COLLATE utf8mb4_unicode_ci NOT NULL,
  `queue` text COLLATE utf8mb4_unicode_ci NOT NULL,
  `payload` longtext COLLATE utf8mb4_unicode_ci NOT NULL,
  `exception` longtext COLLATE utf8mb4_unicode_ci NOT NULL,
  `failed_at` timestamp NOT NULL DEFAULT current_timestamp()
) ENGINE=InnoDB DEFAULT CHARSET=utf8mb4 COLLATE=utf8mb4_unicode_ci;

-- --------------------------------------------------------

--
-- Structure de la table `matieres`
--

CREATE TABLE `matieres` (
  `id` bigint(20) UNSIGNED NOT NULL,
  `CodeMatiere` bigint(20) NOT NULL,
  `NomMatiere` varchar(255) COLLATE utf8mb4_unicode_ci NOT NULL,
  `created_at` timestamp NULL DEFAULT NULL,
  `updated_at` timestamp NULL DEFAULT NULL
) ENGINE=InnoDB DEFAULT CHARSET=utf8mb4 COLLATE=utf8mb4_unicode_ci;

--
-- Déchargement des données de la table `matieres`
--

INSERT INTO `matieres` (`id`, `CodeMatiere`, `NomMatiere`, `created_at`, `updated_at`) VALUES
(1, 101, 'عربية', NULL, NULL),
(2, 102, 'إنشاء', NULL, NULL),
(3, 103, 'لغــة عربية', NULL, NULL),
(4, 104, 'تعريب', NULL, NULL),
(5, 105, 'بلاغة عربية', NULL, NULL),
(6, 106, ' عربيـة:نشاط شفوي', NULL, NULL),
(7, 107, 'شفوي', NULL, NULL),
(8, 108, 'مقال', NULL, NULL),
(9, 109, 'مقال/تحليل نص', NULL, NULL),
(10, 110, 'مقال/دراسة نص/إنتاج', NULL, NULL),
(11, 111, 'لغة و بلاغة', NULL, NULL),
(12, 112, 'لغة و تعريب', NULL, NULL),
(13, 113, 'دراسة نص', NULL, NULL),
(14, 114, 'إنشاء/دراسة نص', NULL, NULL),
(15, 201, 'فرنسية', NULL, NULL),
(16, 202, 'تعبيركتابي', NULL, NULL),
(17, 203, 'لغة فرنسية', NULL, NULL),
(18, 301, 'أنقليزية', NULL, NULL),
(19, 401, 'فلسفة', NULL, NULL),
(20, 402, 'مدخل إلى الفلسفة', NULL, NULL),
(21, 501, 'تاريخ', NULL, NULL),
(22, 502, 'جغرافيا', NULL, NULL),
(23, 503, 'تاريخ و جغرافيا', NULL, NULL),
(24, 601, 'تربية إسلامية', NULL, NULL),
(25, 602, 'تفكير إسلامي', NULL, NULL),
(26, 701, 'تربية مدنية', NULL, NULL),
(27, 801, 'رياضيات', NULL, NULL),
(28, 901, 'علوم فيزيائية', NULL, NULL),
(29, 1001, 'علوم بيولوجية', NULL, NULL),
(30, 1002, 'علوم الحياة و الأرض', NULL, NULL),
(31, 1101, 'تربية تكنولوجية', NULL, NULL),
(32, 1102, 'تكنولوجيا', NULL, NULL),
(33, 1201, 'إقتصاد', NULL, NULL),
(34, 1301, 'تصرف', NULL, NULL),
(35, 1401, ' كهرباء', NULL, NULL),
(36, 1415, 'مواد تقنية', NULL, NULL),
(37, 1501, 'آلية', NULL, NULL),
(38, 1601, 'تربية تشكيلية', NULL, NULL),
(39, 1701, 'ألمانية', NULL, NULL),
(40, 1801, 'إيطالية', NULL, NULL),
(41, 1901, 'إسبانية', NULL, NULL),
(42, 2001, 'إعلامية', NULL, NULL),
(43, 2002, 'خوارزميات و برمجة', NULL, NULL),
(44, 2003, 'الأنظمة و تكنولوحيا المعلوماتية', NULL, NULL),
(45, 2004, 'أنظمة و شبكات', NULL, NULL),
(46, 2005, 'قواعد البيانات', NULL, NULL),
(47, 2101, 'تربية بدنية', NULL, NULL),
(48, 2102, 'الإختصاص الرياضي', NULL, NULL),
(49, 2201, 'تربية موسيقية', NULL, NULL),
(50, 2301, 'تربية مسرحية', NULL, NULL),
(51, 2401, 'لغة حية ثالثة', NULL, NULL),
(52, 2501, 'روسيّة', NULL, NULL),
(53, 2601, 'صينيّة', NULL, NULL),
(54, 2701, 'تركيّة', NULL, NULL),
(55, 2801, 'برتغالية', NULL, NULL),
(56, 3501, 'تعلّمات اختياريّة', NULL, NULL),
(57, 3502, 'إنجاز مشروع', NULL, NULL);

-- --------------------------------------------------------

--
-- Structure de la table `migrations`
--

CREATE TABLE `migrations` (
  `id` int(10) UNSIGNED NOT NULL,
  `migration` varchar(255) COLLATE utf8mb4_unicode_ci NOT NULL,
  `batch` int(11) NOT NULL
) ENGINE=InnoDB DEFAULT CHARSET=utf8mb4 COLLATE=utf8mb4_unicode_ci;

--
-- Déchargement des données de la table `migrations`
--

INSERT INTO `migrations` (`id`, `migration`, `batch`) VALUES
(1, '2014_10_12_000000_create_users_table', 1),
(2, '2014_10_12_100000_create_password_resets_table', 1),
(3, '2019_08_19_000000_create_failed_jobs_table', 1),
(4, '2023_01_22_153135_create_matieres_table', 1),
(5, '2023_01_22_159758_create_enseignants_table', 1),
(6, '2023_01_27_200152_create_classes_table', 1),
(7, '2023_01_27_204149_create_eleves_table', 1),
(8, '2023_01_30_214640_create_classe_enseignant_table', 1),
(9, '2023_02_04_210402_create_seances_table', 1);

-- --------------------------------------------------------

--
-- Structure de la table `password_resets`
--

CREATE TABLE `password_resets` (
  `email` varchar(255) COLLATE utf8mb4_unicode_ci NOT NULL,
  `token` varchar(255) COLLATE utf8mb4_unicode_ci NOT NULL,
  `created_at` timestamp NULL DEFAULT NULL
) ENGINE=InnoDB DEFAULT CHARSET=utf8mb4 COLLATE=utf8mb4_unicode_ci;

-- --------------------------------------------------------

--
-- Structure de la table `seances`
--

CREATE TABLE `seances` (
  `id` bigint(20) UNSIGNED NOT NULL,
  `date` date NOT NULL DEFAULT '2023-03-15',
  `debut` time NOT NULL,
  `fin` time NOT NULL,
  `classe_IdClasse` bigint(20) NOT NULL,
  `enseignant_id` bigint(20) UNSIGNED NOT NULL,
  `matiere_id` bigint(20) UNSIGNED NOT NULL,
  `commentaire` text COLLATE utf8mb4_unicode_ci DEFAULT NULL,
  `absents` varchar(255) COLLATE utf8mb4_unicode_ci DEFAULT NULL,
  `exclus` varchar(255) COLLATE utf8mb4_unicode_ci DEFAULT NULL,
  `created_at` timestamp NULL DEFAULT NULL,
  `updated_at` timestamp NULL DEFAULT NULL
) ENGINE=InnoDB DEFAULT CHARSET=utf8mb4 COLLATE=utf8mb4_unicode_ci;

--
-- Déchargement des données de la table `seances`
--

INSERT INTO `seances` (`id`, `date`, `debut`, `fin`, `classe_IdClasse`, `enseignant_id`, `matiere_id`, `commentaire`, `absents`, `exclus`, `created_at`, `updated_at`) VALUES
(6, '2023-03-22', '08:00:00', '10:00:00', 1292, 42, 42, NULL, '[\"23714\"]', '[]', '2023-03-22 08:02:53', '2023-03-22 08:02:53'),
(8, '2023-03-26', '08:00:00', '10:00:00', 1292, 42, 42, NULL, '[\"23714\",\"23717\"]', '[\"23723\"]', '2023-03-26 20:13:00', '2023-03-26 20:13:00'),
(9, '2023-03-28', '08:00:00', '10:00:00', 1295, 42, 42, NULL, '[\"23739\"]', '[]', '2023-03-28 08:19:56', '2023-03-28 08:19:56');

-- --------------------------------------------------------

--
-- Structure de la table `users`
--

CREATE TABLE `users` (
  `id` bigint(20) UNSIGNED NOT NULL,
  `name` varchar(255) COLLATE utf8mb4_unicode_ci NOT NULL,
  `email` varchar(255) COLLATE utf8mb4_unicode_ci NOT NULL,
  `role` varchar(255) COLLATE utf8mb4_unicode_ci NOT NULL DEFAULT 'prof',
  `email_verified_at` timestamp NULL DEFAULT NULL,
  `password` varchar(255) COLLATE utf8mb4_unicode_ci NOT NULL,
  `remember_token` varchar(100) COLLATE utf8mb4_unicode_ci DEFAULT NULL,
  `created_at` timestamp NULL DEFAULT NULL,
  `updated_at` timestamp NULL DEFAULT NULL
) ENGINE=InnoDB DEFAULT CHARSET=utf8mb4 COLLATE=utf8mb4_unicode_ci;

--
-- Déchargement des données de la table `users`
--

INSERT INTO `users` (`id`, `name`, `email`, `role`, `email_verified_at`, `password`, `remember_token`, `created_at`, `updated_at`) VALUES
(1, 'admin', 'admin@gmail.com', 'admin', NULL, '$2y$10$uqiD.7tSPtvUXdO3GEOnyuEA5psaDV2mRfQfDfBIhCa2sYnC06zpy', NULL, '2023-03-15 19:24:08', '2023-03-15 19:24:08'),
(2, 'user', 'user@gmail.com', 'prof', NULL, '$2y$10$WyW03H3Gx1CkRjr5uPC92.qRKDckjt2j7yO1ba3.m/TSJQRRdXLCm', NULL, '2023-03-15 19:24:08', '2023-03-15 19:24:08'),
(3, 'naoufel', 'naoufel@gmail.com', 'prof', NULL, '$2y$10$WyW03H3Gx1CkRjr5uPC92.qRKDckjt2j7yO1ba3.m/TSJQRRdXLCm', NULL, '2023-03-15 20:40:56', '2023-03-15 20:40:56');

--
-- Index pour les tables déchargées
--

--
-- Index pour la table `classes`
--
ALTER TABLE `classes`
  ADD PRIMARY KEY (`IdClasse`);

--
-- Index pour la table `classe_enseignant`
--
ALTER TABLE `classe_enseignant`
  ADD PRIMARY KEY (`classe_IdClasse`,`enseignant_id`),
  ADD KEY `classe_enseignant_enseignant_id_foreign` (`enseignant_id`);

--
-- Index pour la table `eleves`
--
ALTER TABLE `eleves`
  ADD PRIMARY KEY (`id`),
  ADD UNIQUE KEY `eleves_identifiantunique_unique` (`IdentifiantUnique`),
  ADD KEY `eleves_classe_id_foreign` (`Classe_id`);

--
-- Index pour la table `enseignants`
--
ALTER TABLE `enseignants`
  ADD PRIMARY KEY (`id`),
  ADD UNIQUE KEY `enseignants_codeenseignant_unique` (`CodeEnseignant`),
  ADD KEY `enseignants_matiere_id_foreign` (`Matiere_id`),
  ADD KEY `enseignants_user_id_foreign` (`User_id`);

--
-- Index pour la table `failed_jobs`
--
ALTER TABLE `failed_jobs`
  ADD PRIMARY KEY (`id`),
  ADD UNIQUE KEY `failed_jobs_uuid_unique` (`uuid`);

--
-- Index pour la table `matieres`
--
ALTER TABLE `matieres`
  ADD PRIMARY KEY (`id`);

--
-- Index pour la table `migrations`
--
ALTER TABLE `migrations`
  ADD PRIMARY KEY (`id`);

--
-- Index pour la table `password_resets`
--
ALTER TABLE `password_resets`
  ADD KEY `password_resets_email_index` (`email`);

--
-- Index pour la table `seances`
--
ALTER TABLE `seances`
  ADD PRIMARY KEY (`id`),
  ADD KEY `seances_classe_idclasse_foreign` (`classe_IdClasse`),
  ADD KEY `seances_enseignant_id_foreign` (`enseignant_id`),
  ADD KEY `seances_matiere_id_foreign` (`matiere_id`);

--
-- Index pour la table `users`
--
ALTER TABLE `users`
  ADD PRIMARY KEY (`id`),
  ADD UNIQUE KEY `users_email_unique` (`email`);

--
-- AUTO_INCREMENT pour les tables déchargées
--

--
-- AUTO_INCREMENT pour la table `eleves`
--
ALTER TABLE `eleves`
  MODIFY `id` bigint(20) UNSIGNED NOT NULL AUTO_INCREMENT, AUTO_INCREMENT=23820;

--
-- AUTO_INCREMENT pour la table `enseignants`
--
ALTER TABLE `enseignants`
  MODIFY `id` bigint(20) UNSIGNED NOT NULL AUTO_INCREMENT, AUTO_INCREMENT=77;

--
-- AUTO_INCREMENT pour la table `failed_jobs`
--
ALTER TABLE `failed_jobs`
  MODIFY `id` bigint(20) UNSIGNED NOT NULL AUTO_INCREMENT;

--
-- AUTO_INCREMENT pour la table `matieres`
--
ALTER TABLE `matieres`
  MODIFY `id` bigint(20) UNSIGNED NOT NULL AUTO_INCREMENT, AUTO_INCREMENT=58;

--
-- AUTO_INCREMENT pour la table `migrations`
--
ALTER TABLE `migrations`
  MODIFY `id` int(10) UNSIGNED NOT NULL AUTO_INCREMENT, AUTO_INCREMENT=10;

--
-- AUTO_INCREMENT pour la table `seances`
--
ALTER TABLE `seances`
  MODIFY `id` bigint(20) UNSIGNED NOT NULL AUTO_INCREMENT, AUTO_INCREMENT=10;

--
-- AUTO_INCREMENT pour la table `users`
--
ALTER TABLE `users`
  MODIFY `id` bigint(20) UNSIGNED NOT NULL AUTO_INCREMENT, AUTO_INCREMENT=4;

--
-- Contraintes pour les tables déchargées
--

--
-- Contraintes pour la table `classe_enseignant`
--
ALTER TABLE `classe_enseignant`
  ADD CONSTRAINT `classe_enseignant_classe_idclasse_foreign` FOREIGN KEY (`classe_IdClasse`) REFERENCES `classes` (`IdClasse`) ON DELETE CASCADE,
  ADD CONSTRAINT `classe_enseignant_enseignant_id_foreign` FOREIGN KEY (`enseignant_id`) REFERENCES `enseignants` (`id`) ON DELETE CASCADE;

--
-- Contraintes pour la table `eleves`
--
ALTER TABLE `eleves`
  ADD CONSTRAINT `eleves_classe_id_foreign` FOREIGN KEY (`Classe_id`) REFERENCES `classes` (`IdClasse`) ON DELETE CASCADE;

--
-- Contraintes pour la table `enseignants`
--
ALTER TABLE `enseignants`
  ADD CONSTRAINT `enseignants_matiere_id_foreign` FOREIGN KEY (`Matiere_id`) REFERENCES `matieres` (`id`) ON DELETE CASCADE ON UPDATE CASCADE,
  ADD CONSTRAINT `enseignants_user_id_foreign` FOREIGN KEY (`User_id`) REFERENCES `users` (`id`) ON DELETE CASCADE ON UPDATE CASCADE;

--
-- Contraintes pour la table `seances`
--
ALTER TABLE `seances`
  ADD CONSTRAINT `seances_classe_idclasse_foreign` FOREIGN KEY (`classe_IdClasse`) REFERENCES `classes` (`IdClasse`) ON DELETE CASCADE,
  ADD CONSTRAINT `seances_enseignant_id_foreign` FOREIGN KEY (`enseignant_id`) REFERENCES `enseignants` (`id`) ON DELETE CASCADE,
  ADD CONSTRAINT `seances_matiere_id_foreign` FOREIGN KEY (`matiere_id`) REFERENCES `matieres` (`id`) ON DELETE CASCADE;
COMMIT;

/*!40101 SET CHARACTER_SET_CLIENT=@OLD_CHARACTER_SET_CLIENT */;
/*!40101 SET CHARACTER_SET_RESULTS=@OLD_CHARACTER_SET_RESULTS */;
/*!40101 SET COLLATION_CONNECTION=@OLD_COLLATION_CONNECTION */;
